{
  "cifar10_features": {
    "off": [
      0.8546,
      0.8586,
      0.8532
    ]
  },
  "circles": {
    "diag": [
      0.811333,
      0.847333,
      0.814,
      0.758667,
      0.726667
    ],
    "lambda_u_trotter": [
      0.755333,
      0.801333,
      0.809333,
      0.662,
      0.654667
    ],
    "off": [
      0.970667,
      0.738667,
      0.586,
      0.884,
      0.732
    ]
  },
  "fashion_mnist": {
    "diag": [
      0.864333,
      0.876667,
      0.878,
      0.872,
      0.869
    ],
    "lambda_u_trotter": [
      0.085333
    ],
    "off": [
      0.863333,
      0.866667,
      0.870833,
      0.8665,
      0.870333
    ]
  },
  "htru2": {
    "diag": [
      0.975047,
      0.974674,
      0.974674,
      0.974302,
      0.975419
    ],
    "lambda_u_trotter": [
      0.977281,
      0.975419,
      0.975047,
      0.975419,
      0.975047
    ],
    "off": [
      0.976536,
      0.975047,
      0.975047,
      0.974674,
      0.974674
    ]
  },
  "mnist_mc": {
    "diag": [
      0.936667,
      0.940667,
      0.9375,
      0.9395
    ],
    "off": [
      0.945667,
      0.9545,
      0.943667,
      0.941167,
      0.9465
    ]
  },
  "two_moon": {
    "diag": [
      0.999333,
      1.0,
      0.999333,
      1.0,
      1.0
    ],
    "lambda_u_trotter": [
      0.998667,
      0.999333,
      0.998,
      1.0,
      0.999333
    ],
    "off": [
      1.0,
      1.0,
      1.0,
      1.0,
      1.0
    ]
  }
}