{
  "two_moon": {
    "RandomForest": [
      0.998,
      0.998,
      0.9973333333333333,
      0.9973333333333333,
      0.998
    ],
    "LogReg_raw": [
      0.878,
      0.878,
      0.878,
      0.878,
      0.878
    ],
    "PCA+LogReg": [
      0.878,
      0.878,
      0.878,
      0.878,
      0.878
    ],
    "KPCA_rbf+LogReg": [
      0.8806666666666667,
      0.8806666666666667,
      0.8806666666666667,
      0.8806666666666667,
      0.8806666666666667
    ],
    "KPCA_poly+LogReg": [
      0.876,
      0.876,
      0.876,
      0.876,
      0.876
    ],
    "KPCA_cos+LogReg": [
      0.8526666666666667,
      0.8526666666666667,
      0.8526666666666667,
      0.8526666666666667,
      0.8526666666666667
    ],
    "TruncSVD+LogReg": [
      0.878,
      0.878,
      0.878,
      0.878,
      0.878
    ],
    "SpectralEmb+LogReg": [
      0.5056689342403629,
      0.5068027210884354,
      0.5,
      0.5045351473922902,
      0.481859410430839
    ]
  },
  "circles": {
    "RandomForest": [
      0.984,
      0.9866666666666667,
      0.9853333333333333,
      0.9846666666666667,
      0.986
    ],
    "LogReg_raw": [
      0.504,
      0.504,
      0.504,
      0.504,
      0.504
    ],
    "PCA+LogReg": [
      0.504,
      0.504,
      0.504,
      0.504,
      0.504
    ],
    "KPCA_rbf+LogReg": [
      0.494,
      0.494,
      0.494,
      0.494,
      0.494
    ],
    "KPCA_poly+LogReg": [
      0.5093333333333333,
      0.5093333333333333,
      0.5093333333333333,
      0.5093333333333333,
      0.5093333333333333
    ],
    "KPCA_cos+LogReg": [
      0.49133333333333334,
      0.49133333333333334,
      0.49133333333333334,
      0.49133333333333334,
      0.49133333333333334
    ],
    "TruncSVD+LogReg": [
      0.504,
      0.504,
      0.504,
      0.504,
      0.504
    ],
    "SpectralEmb+LogReg": [
      0.5056689342403629,
      0.5068027210884354,
      0.5,
      0.5045351473922902,
      0.481859410430839
    ]
  },
  "htru2": {
    "RandomForest": [
      0.9810055865921787,
      0.9802607076350093,
      0.9806331471135941,
      0.9817504655493482,
      0.9798882681564246
    ],
    "LogReg_raw": [
      0.9813780260707635,
      0.9813780260707635,
      0.9813780260707635,
      0.9813780260707635,
      0.9813780260707635
    ],
    "PCA+LogReg": [
      0.9776536312849162,
      0.9776536312849162,
      0.9776536312849162,
      0.9776536312849162,
      0.9776536312849162
    ],
    "KPCA_rbf+LogReg": [
      0.9716945996275606,
      0.9716945996275606,
      0.9716945996275606,
      0.9716945996275606,
      0.9716945996275606
    ],
    "KPCA_poly+LogReg": [
      0.9735567970204841,
      0.9735567970204841,
      0.9735567970204841,
      0.9735567970204841,
      0.9735567970204841
    ],
    "KPCA_cos+LogReg": [
      0.9802607076350093,
      0.9802607076350093,
      0.9802607076350093,
      0.9802607076350093,
      0.9802607076350093
    ],
    "TruncSVD+LogReg": [
      0.9776536312849162,
      0.9776536312849162,
      0.9776536312849162,
      0.9776536312849162,
      0.9776536312849162
    ],
    "SpectralEmb+LogReg": [
      0.9149659863945578,
      0.9251700680272109,
      0.9024943310657596,
      0.9160997732426304,
      0.9160997732426304
    ]
  }
}